timestamp,keyframe_id,symbol,x,y,z,q_w,q_x,q_y,q_z
1770115543.083,0,x1,-0.000,-0.000,0.000,1.000,-0.000,-0.000,0.000
1770115553.873,1,x108,0.517,-0.001,-0.001,1.000,-0.000,-0.000,0.000
1770115555.583,2,x125,1.026,0.002,0.000,1.000,0.000,0.000,-0.000
1770115557.275,3,x142,1.536,0.000,-0.000,1.000,0.000,-0.000,-0.000
1770115558.974,4,x159,2.046,-0.005,-0.002,1.000,-0.001,-0.000,0.000
1770115560.674,5,x176,2.559,-0.004,-0.001,1.000,-0.001,-0.001,0.000
1770115562.374,6,x193,3.064,-0.043,-0.001,0.993,-0.001,-0.001,-0.116
1770115564.083,7,x210,3.543,-0.224,-0.001,0.975,-0.000,-0.000,-0.224
1770115565.773,8,x227,3.978,-0.483,0.002,0.952,-0.000,-0.000,-0.305
1770115567.483,9,x244,4.366,-0.814,0.003,0.923,-0.000,0.000,-0.386
1770115569.183,10,x261,4.662,-1.225,0.001,0.847,-0.000,-0.001,-0.531
1770115571.083,11,x279,4.808,-1.778,0.004,0.736,-0.000,0.000,-0.677
1770115572.783,12,x296,4.827,-2.283,0.005,0.729,0.000,-0.000,-0.684
1770115574.483,13,x313,4.857,-2.794,0.005,0.714,-0.000,-0.001,-0.700
1770115576.183,14,x330,4.867,-3.300,0.004,0.714,-0.000,-0.000,-0.700
1770115577.884,15,x347,4.876,-3.813,0.005,0.714,-0.001,-0.001,-0.700
1770115579.583,16,x364,4.871,-4.328,0.004,0.683,-0.001,-0.000,-0.730
1770115581.373,17,x382,4.760,-4.850,0.007,0.557,-0.000,-0.000,-0.831
1770115583.183,18,x400,4.471,-5.300,0.011,-0.398,-0.001,-0.000,0.917
1770115584.984,19,x418,4.046,-5.619,0.009,-0.229,-0.001,0.000,0.974
1770115586.683,20,x435,3.567,-5.807,0.009,-0.142,-0.000,0.000,0.990
1770115588.376,21,x452,3.068,-5.903,0.010,-0.030,-0.001,-0.000,1.000
1770115590.083,22,x469,2.561,-5.878,0.009,0.058,-0.001,-0.000,0.998
1770115591.783,23,x486,2.050,-5.857,0.008,-0.006,-0.001,0.000,1.000
1770115593.473,24,x503,1.544,-5.862,0.007,-0.007,-0.001,0.000,1.000
1770115595.174,25,x520,1.035,-5.867,0.006,-0.007,-0.001,0.000,1.000
1770115596.883,26,x537,0.520,-5.858,0.005,0.047,-0.000,-0.001,0.999
1770115598.573,27,x554,0.019,-5.766,0.004,0.132,-0.000,-0.001,0.991
1770115600.373,28,x572,-0.474,-5.550,0.004,0.290,-0.001,0.000,0.957
1770115602.183,29,x590,-0.839,-5.164,0.006,0.514,-0.001,0.000,0.858
1770115603.874,30,x607,-0.974,-4.679,0.003,0.662,-0.001,-0.000,0.749
1770115605.583,31,x624,-0.982,-4.167,0.002,0.741,-0.001,-0.000,0.672
1770115607.284,32,x641,-0.927,-3.663,0.003,0.730,-0.001,0.000,0.683
1770115609.083,33,x659,-0.890,-3.125,0.002,0.730,-0.001,-0.000,0.683
1770115610.773,34,x675,-0.874,-2.617,0.001,0.709,-0.001,0.000,0.705
1770115612.483,35,x692,-0.872,-2.105,0.001,0.709,-0.001,-0.000,0.705
1770115614.173,36,x709,-0.864,-1.595,-0.000,0.729,-0.001,-0.000,0.684
1770115616.083,37,x726,-0.775,-1.088,-0.000,0.812,-0.001,-0.000,0.584
1770115618.383,38,x744,-0.368,-0.457,0.003,0.922,-0.001,0.000,0.387
1770115620.313,39,x752,0.052,-0.164,0.003,0.981,-0.001,0.000,0.195
1770115621.873,40,x771,0.558,-0.088,0.003,1.000,-0.001,-0.000,-0.025
1770115623.873,41,x788,1.114,-0.097,0.003,0.999,0.000,-0.000,0.032
1770115625.483,42,x802,1.661,-0.033,0.001,0.998,-0.000,0.000,0.065
1770115627.283,43,x820,2.173,0.004,0.001,1.000,-0.001,-0.000,-0.002
1770115628.976,44,x837,2.686,0.002,0.002,1.000,-0.001,0.000,-0.002
1770115630.783,45,x855,3.221,-0.029,0.003,0.995,-0.001,0.000,-0.098
1770115632.483,46,x872,3.695,-0.210,0.003,0.964,-0.001,0.000,-0.265
1770115634.173,47,x889,4.080,-0.536,0.004,0.909,-0.000,-0.000,-0.418
1770115636.483,48,x900,4.476,-1.109,-0.001,0.855,0.001,-0.003,-0.519
1770115639.253,49,x906,4.712,-1.717,0.001,0.792,-0.000,-0.001,-0.610
1770115641.473,50,x918,4.776,-2.568,0.006,0.665,-0.001,0.000,-0.747
1770115646.783,51,x960,4.750,-3.074,0.006,0.717,-0.000,-0.000,-0.697
1770115649.385,52,x986,4.801,-3.593,0.007,0.751,-0.000,-0.001,-0.660
1770115651.973,53,x1012,4.830,-4.106,0.009,0.681,0.000,-0.000,-0.732
1770115654.473,54,x1034,4.731,-4.597,0.010,0.584,-0.000,-0.000,-0.812
1770115657.083,55,x1060,4.472,-5.042,0.008,-0.401,-0.000,0.001,0.916
1770115658.983,56,x1079,4.092,-5.374,0.007,-0.294,0.000,0.001,0.956
1770115660.683,57,x1096,3.633,-5.587,0.006,-0.148,-0.000,-0.000,0.989
1770115662.383,58,x1113,3.138,-5.718,0.008,-0.133,-0.000,0.001,0.991
1770115664.883,59,x1127,2.379,-5.831,0.007,-0.012,-0.000,0.001,1.000
1770115666.683,60,x1143,1.858,-5.855,0.008,-0.050,-0.001,0.000,0.999
1770115668.593,61,x1150,1.334,-5.908,0.007,-0.050,0.000,0.000,0.999
1770115670.183,62,x1166,0.812,-5.946,0.007,0.008,-0.001,0.000,1.000
1770115671.983,63,x1184,0.295,-5.811,0.008,0.207,-0.001,0.001,0.978
1770115673.663,64,x1201,-0.148,-5.568,0.007,0.289,-0.001,0.000,0.957
1770115675.373,65,x1218,-0.549,-5.250,0.006,0.369,-0.002,0.000,0.929
1770115677.483,66,x1231,-0.884,-4.827,0.004,0.513,-0.001,0.000,0.858
1770115679.073,67,x1241,-1.052,-4.286,0.004,0.678,-0.001,0.000,0.735
1770115681.873,68,x1255,-0.906,-3.466,0.005,0.789,-0.001,0.000,0.614
1770115683.584,69,x1272,-0.789,-2.971,0.003,0.765,-0.001,0.000,0.644
